"created_at","screen_name","followers_count","retweet_count","text"
2019-12-15 18:56:38,"xiyebastida",17397,31,"5.3) Youth came together to show international unity towards climate justice. We are the decision makers of tomorrow https://t.co/RFugvFa3it"
2020-12-02 16:52:27,"IPCC_CH",234385,10,"A special issue of the 2020 #ProductionGap Report looks at the implications of the #COVID19 pandemic – and governments’ stimulus and recovery measures – on coal, oil, and gas production. https://t.co/Ga9D8dBG1N"
2021-02-04 01:26:28,"AlexandriaV2005",56334,8113,"So Twitter being the mess it is right now with #GretaThunbergExposed and #IndiaAgainstPropaganda, and the India activists going dark, i guess the 15 year old in the U.S. has to explain the #FarmersProtest to y'all, so let me do that.
basically, first 3 farm bills were passed. 1/6"
2021-02-25 11:16:32,"guardianeco",496498,20,"Cumbrian campaigners warn minister of legal action over coalmine https://t.co/8qi3WFxjTx"
2021-02-01 20:50:04,"FirstSolar",30923,0,"WEBINAR: The Technical University of Denmark performed a year long study of bifacial and monofacial performance using eight different simulation softwares. Join Nicholas Riedel - Fotonik - for a review of how PlantPredict measured up. Register now!
https://t.co/PkWnIjsO3v https://t.co/rZgWF2G8Tu"
2021-02-08 16:24:00,"IPCC_CH",234385,50,"Uttarakhand glacier burst – why it burst is still yet to be determined.

Findings from #IPCC’s #SROCC released in 2019 - Glacier retreat &amp; permafrost thaw have decreased the stability of mountain slopes &amp; the integrity of infrastructure.

Read more <U+27A1><U+FE0F>  https://t.co/11CsoxzGmE https://t.co/i4b25p3ebm"
2021-02-23 17:00:21,"YaleClimateComm",68310,3,"Blackouts in #Texas and California have demonstrated the vulnerability of power plants to extreme temperatures, as well as both the urgency and challenges of modernizing the U.S. electric system to run on #zeroemission technologies by 2035: https://t.co/54tyR8VkSf via @nytimes https://t.co/Gufxmv1Anr"
2021-02-19 16:47:32,"guardianeco",496498,40,"US rejoins Paris climate accord with warning: this year’s talks are ‘last, best hope’ https://t.co/iH5BZcpGQK"
2021-02-15 23:21:47,"Canadian_Solar",22445,6,"We highly regard customer satisfaction and are proud of the relationships we have built and continue to maintain. Watch below to hear from some of our clients about why they continue to choose and promote our products. 

#Australia #SolarPower #SolarIndustry https://t.co/2a1kuboYf0"
2020-11-19 19:24:40,"UNEP_Europe",23082,68,".@UN Secretary-General @antonioguterres calls on the #EU to continue to lead by example on #climatechange. 

“We applaud the EU’s climate achievements, but we are still nowhere near the finish line.“ 
#ECFREvents @EU_ENV @EUClimateaction @eu_eeas 

<U+0001F449>https://t.co/9PfE4pIaGQ"
2021-01-07 14:00:01,"c40cities",106474,9,"“In this unprecedented moment in human history, we know that we must act without hesitation to save our planet and create a more equitable, prosperous, and healthy future for our children and grandchildren.”

Read C40's new Leadership Standards. https://t.co/L6JhP2pjWq https://t.co/GSlfReA9tA"
2021-02-03 19:02:17,"PEspinosaC",108140,7,"2<U+20E3> It’s time to wrap it up and implement.
It’s time to wrap up outstanding items &amp; negotiations and implement the #ParisAgreement. We’ve been 5 years negotiating. The clock has run out.
Unleashing its full potential will also help the world build forward from COVID-19."
2021-02-17 15:15:05,"IEA",197182,2,"<U+0001F5E3> “Energy efficiency can ensure China’s sustainable prosperity for the next ten years and beyond.”

This new commentary from IEA’s Jihyun Selena Lee explores the role #EnergyEfficiency could play in <U+0001F1E8><U+0001F1F3>’s sustainable recovery <U+0001F449> https://t.co/DMpb43Xmpp https://t.co/LzU41RdBO4"
2021-01-20 16:59:18,"GermanEnvAgency",1470,19,"Make Our Planet Great Again. https://t.co/Dkw77Yve0w"
2020-09-02 12:30:51,"OrstedUK",14921,2,"Join us @ITMPowerPlc @Phillips66Co @beisgovuk &amp; Element Energy on September 9th as we take a dive into the #gigastack renewable hydrogen project - places are limited so secure your place ASAP! #WednesdayWisdom See below for eventbrite link! <U+0001F64C><U+0001F44D> https://t.co/LzFLK6ee9X"
2019-12-20 06:55:27,"Mirrecogroup",226,2,"An estimated 3 years to scaled reality in 3D-printed #hemp houses 

Lumecast® by MIRRECO™ 

@TheExtractUK 

#sustainability #netzero  #climatechange #innovation #technology #iot #blockchain #greentech #oneplanet #lumecast #mirreco #futurism #3Dprinting 

https://t.co/9HYDqNV8ss"
2021-02-19 12:06:57,"EUEnvironment",88010,23,"How much did #urban areas grow in your country since 2000? What about the area used for #agriculture? Or #forests? Check out our interactive country fact sheets on land cover. #exploreEEAdata<U+200B>

https://t.co/sTN5SN5MOU https://t.co/VYJWwFMLk7"
2019-12-13 16:07:45,"algore",3057070,43,"Innovative &amp; courageous leadership by @hiromichimizuno on behalf of Japan's public pension fund. Sustainable capitalism, via long term investing, is essential to make needed economic repairs &amp; reforms for a holistic rethinking of how we do business &amp; rescue our climate balance. https://t.co/qGSe16E01N"
2020-11-18 07:18:51,"GermanEnvAgency",1470,6,"Tomorrow, 9.45am (CET): #Sustainability Transformation Conference by @bmu &amp; UBA. The digital #conference will focus on the #transformation of #economy &amp; #society to shape a #sustainable future. The event will be hosted by @SvenjaSchulze68 &amp; @DirkMessner. https://t.co/pByBFs4eOM https://t.co/WhifovP6Pp"
2021-01-20 23:01:02,"exxonmobil",326103,59,"“The long-term nature of the climate change challenge requires that we all work together, and we look forward to working with the new Administration to put the U.S. on a path of achieving the goals of Paris.” Read more here: https://t.co/KpHCIMzs6T #ParisAgreement https://t.co/4pi3t4KxeO"
2021-01-25 15:04:10,"AldersgateGrp",5486,0,"Join us tomorrow at 9.30am for a webinar on how the UK can deliver the investment challenge of the 6th Carbon Budget, with speakers from @theCCCuk @LGIM @SPRenewables @ramboll_uk @tesco @TataSteelUK and @WoodlandTrust #NetZero Register here: https://t.co/c6xhP8ktw4 https://t.co/guzq0NWitR"
2021-02-28 01:40:00,"insideclimate",132424,4,"During the first week of February, avalanches killed 14 people across the United States, the highest weekly avalanche death toll in more than 100 years. Researchers worry that climate change could be increasing avalanche threats in some regions.

https://t.co/w1r7j9iQMb"
2020-07-08 22:40:40,"CarbonEngineer",6339,5,"A great write up on our new partnership with @AerionCorp by @jtemple for @techreview https://t.co/nLAHVcmBRj"
2020-12-04 12:38:00,"ClimateCentral",127361,9,"""The planet needs to go on a carbon diet."" https://t.co/x0bhQKdiZF #ClimateMatters #ClimateCentral https://t.co/cfyB3qHyFX"
2019-05-21 20:26:40,"CarbonEngineer",6339,0,"Thanks for sharing this story @andrew_leach. It's great to hear that our work can play a part in inspiring the world's next generation, and can help bring #DirectAirCapture to life for them. https://t.co/XBLuQtMdXT"
2021-02-26 19:38:32,"sunrisemvmt",278145,50,"Young people are fed up with a government that refuses to act aggressively in the face of crisis, whether it's a pandemic, a recession, or climate change.

We're fighting for a better vision of governance: where politicians answer first to people's needs.

https://t.co/hSktCoXKZO"
2021-01-14 11:11:57,"Green_Europe",32632,11,"Portugal kicked off its <U+0001F1EA><U+0001F1FA> Presidency with a clear call to action: “Time to deliver a green recovery.”

Check out our 10 green tests for <U+0001F1F5><U+0001F1F9> @2021PortugalEU and our assessment of <U+0001F1E9><U+0001F1EA> @eu2020de's legacy <U+0001F447>
https://t.co/Wa9qr0s8ah"
2020-11-16 16:24:00,"ClimateDesk",159824,0,"Macron and Johnson put climate at top of issues to confront together, as experts say window is still open to fulfill goals of Paris deal. https://t.co/UOkJ77E3ir"
2021-02-18 23:06:00,"ClimateNexus",28732,1,"In a letter sent yesterday to Gov. Cuomo, a coalition estimated that Part R would allow for so many renewable energy credits that building owners could meet their emissions targets until at least 2030 without making any building upgrades. https://t.co/2w3ZZWODjR via @nysfocus"
2020-11-24 04:11:00,"ClimateDesk",159824,5,"The administration is undercutting a major public lands law that the president used to greenwash his abysmal conservation record. https://t.co/mmNQu0yWH5"
2020-12-23 10:56:29,"IPCC_CH",234385,2,"<U+0001F50E>  Looking for the list of authors in a Special Report?

<U+27A1><U+FE0F>  Go to https://t.co/HBp6el5LEt 

<U+27A1><U+FE0F>  Reports/Choose a report/About/Authors and Review Editors

https://t.co/iL7fiElncT https://t.co/rAUi3vWOlp"
2020-10-30 15:11:05,"Shell",553814,1,"@DHenschen <U+0001F916> Amazing news! The team are recognised for the innovative application of disruptive technology through leveraging big data and predictive analytics to make informed business decisions. #SuperNova2020 @constellationr"
2021-02-18 01:30:10,"ErikSolheim",145787,123,"Electric mobility is taking off in India <U+0001F1EE><U+0001F1F3>!
Delhi just started demarcating the first of the 100 charging sites  - this one at Mundka metro station. They will contain 500 electric charging points.

@Jasmine441 @SwitchDelhi https://t.co/qZ9FbKhO1x"
2018-01-04 14:58:32,"ClimateChangeUS",18191,1,"Walk the walk. Waste not. Measure up. Three New Year's resolutions to help solve #climate change. https://t.co/mZXQwaCCjH"
2021-02-26 13:27:24,"Fridays4future",99246,6,"@VSinkevicius, #EUMercosur increases forest destruction, monocultures, pesticides, cars, human rights abuse and stands in  direct opposition to the goals of the Green New Deal. Take a   stand: profits for a few or a future for all of us? #SayNoEUMercosur"
2021-02-28 20:24:30,"nytclimate",101711,14,"Cars of any kind -- including those powered  by electricity --- are vehicula non grata in this German city.
https://t.co/uSY9WPZcrB"
2020-09-04 13:00:53,"Shell",553814,14,"<U+0001F3ED> We are installing new furnaces at @Shell_Moerdijk in the Netherlands to help improve energy efficiency and reduce emissions at the plant. https://t.co/JQdUs7VDpy

Follow the thread to find out more <U+2B07><U+FE0F> (1/5) https://t.co/SYe1dIblTe"
2020-09-25 12:40:03,"Canadian_Solar",22445,1,"The Gull Bay First Nation in Ontario Canada depended on diesel generators to power their community. Now they have Canada’s first fully integrated solar micro grid, featuring Canadian Solar modules.  
#MaketheDifference
#microgrid
#Canada
#FirstNation
https://t.co/OXLtJqKX38"
2018-11-09 10:55:20,"DeepBranchBio",498,0,"<U+0001F525><U+0001F525><U+0001F525><U+0001F525><U+0001F525><U+0001F525> https://t.co/i0Yq0BZ3oq"
2020-06-30 08:27:32,"GermanEnvAgency",1470,3,"Our exhibition ""From #Science to #Policy"" would actually just take place at @Europarl_EN. Because of #Corona, we decided to have a #digital #exhibition, with info on our work (for example on substances &amp; their impact on #environment &amp; #health). https://t.co/Av1XwZ9mGL https://t.co/0eS9Yn1PPg"
2020-11-17 13:15:16,"World_Wildlife",1480167,11,"Calling all teachers and students! Join us for a virtual chat with environmentalist @pcousteau and WWF’s Kristy Bly as they discuss black-footed ferret conservation this Thursday, 11/19 at 2pm ET. Register now. https://t.co/rhnISzHP7k"
2021-02-23 02:55:01,"ClimateReality",548045,46,"This gives us #ClimateHope! https://t.co/2rHcOOqES0"
2021-02-21 19:44:59,"ClimateNexus",28732,0,".@RachelCleetus: In a year where the COVID-19 pandemic and resulting economic crisis is causing devastation around the world, our climate ambitions must be tied to delivering immediate benefits to people in need. https://t.co/eMmo2xLALA via @ucsusa"
2021-02-28 03:30:07,"YaleE360",132499,26,"The social cost of extracting carbon in Area 1002 in Alaska may be exacerbated if seismic activities risk the release of permafrost-carbon as methane by altering caribou movement and grazing. 
https://t.co/2WlsEI9Z39"
2021-02-12 17:01:23,"World_Wildlife",1480167,28,"What wild place in the world do you love? #WhyILoveNature https://t.co/REd8SmIivh"
2020-11-12 08:59:14,"theGCF",49684,0,"@FinanceinCommon is holding the 1st summit for the world's 450 public development banks. Join GCF's @_Javier_Manza today at 10:15 CET to discuss the critical role PDBs play in financing a green, climate-resilient recovery from #COVID19 <U+0001F30F>
Watch live now <U+23E9> https://t.co/gzlC1HZlSl https://t.co/LZQMAG4M1V"
2017-03-21 07:49:36,"voice4theplanet",228,1,"Another abuse of our beautiful planet. For what?! We need to see our individual prt in this as consumers and responsible adults. #SDGs https://t.co/TuQDLBffph"
2021-02-17 17:38:47,"sunrisemvmt",278145,185,"“Critics” are “correct”

Do better @washingtonpost https://t.co/cGbdrmUnK6"
2020-11-12 12:05:00,"ClimateDesk",159824,2,"They will cheer you up. https://t.co/6Une7E5lpF"
2020-04-09 16:25:59,"exxonmobil",326103,13,"We’re testing new technologies that reduce methane emissions. Learn more about our work across 1,000 sites: https://t.co/O1YCSzFqxu https://t.co/GvAJIcoEy6"
2021-02-22 18:20:40,"ScarlettOWest",5074,0,"@abi_victoriab happy birthday lovely !! xx"
2021-02-28 20:40:58,"ClimateBen",56386,219,"scientists: primates are being driven to extinction by market demands leading to massive habitat loss through expanding industrial agriculture, large-scale cattle ranching, logging, drilling, mining, dam building, &amp; road construction

media: let's keep this fine economic system"
2021-02-12 06:41:59,"ExtinctionR",358387,7,"You can never get enough history. https://t.co/uSCJglwTV8"
2021-02-27 17:55:37,"ClimateBen",56386,28,"Habitat destruction, chemical/plastic/light/noise pollution, etc not just CC are key causes of species declines/extinctions &amp; ecosystem damage. Deforestation must be stopped immediately.

CC is now combining with these to further threaten biodiversity. 
https://t.co/bLCSdnNAHp"
2020-06-29 08:24:23,"GermanEnvAgency",1470,7,"Our exhibition ""From #Science to #Policy"" was due to open today in @Europarl_EN in #Brussels. Due to the pandemic, the exhibition now takes place digitally. UBA President @DirkMessner invites you to take a virtual tour and meet our experts: https://t.co/0Jf3SHyQGt #EuropeanUnion"
2020-07-30 16:10:01,"Shell",553814,0,"@MuhammadAnasUl1 <U+0001F410> <U+0001F6BF> <U+0001F609>"
2020-12-11 18:02:47,"PEspinosaC",108140,13,"Congratulations to all the winners of the @UN Global #ClimateAction Awards! 

I am very happy to share these innovative, scalable &amp; practical initiatives from around the world. These awards recognise you as beacons guiding us towards a better future.

https://t.co/CSFBdOtGgL https://t.co/odvzrm51tE"
2021-02-23 17:05:13,"UNDPClimate",37098,47,"We have 10 years to act on #ClimateCrisis and avoid catastrophic consequences. We must get everyone involved.

That's why as @UNDP, we joined @WeDontHaveTime - the world's largest social network for sharing #ClimateAction and solutions. You can join too: https://t.co/gdOa1jqEqY https://t.co/dmCRLGLyOY"
2021-02-09 14:45:39,"UNFCCC",786735,38,"#ItsPossible: The African Development Bank is providing financial support to help West African countries achieve carbon emission reductions and meet their climate action goals under the Paris Agreement. 

More from @AfDB_Group: https://t.co/TRFt8w7Owj https://t.co/lMnYfoHQnj"
2021-02-27 17:13:00,"ClimateNexus",28732,0,"Millions of people in the US are drinking water that fails to meet federal health standards, including by violating limits for dangerous contaminants, and Latinos are disproportionately exposed. https://t.co/tVONHTOt2m via @guardian"
2021-02-20 23:00:55,"sunrisemvmt",278145,121,"Thank you @AOC for joining our relief efforts in Texas.

Real leadership. https://t.co/MrKqznmigo"
2021-02-22 14:05:05,"WRIClimate",56751,12,"""People in the US are seeing the hurricanes, they're seeing the fires, they're seeing the droughts, and they know that something needs to be done,"" said @davidwaskow on the U.S. moving strongly on #climateaction. https://t.co/O8hmvUbYcb #ParisAgreement #AmericaIsAllIn"
2020-08-14 02:10:11,"Canadian_Solar",22445,0,"Congress has thus far failed to extend the ITC. Our Manager of Policy &amp; Government Affairs will go through the latest news and show how this impacts safe harbor strategies in the US. Register to join us August 19. 11AM PDT. https://t.co/qHmHnTnOrc
#USA
#makethedifference https://t.co/2V9pqLvMg5"
2020-02-07 21:57:26,"xiyebastida",17397,62,"City Hall Climate Strike! We are super excited because @NYCMayor announced that NYC will ban ALL future fossil fuel infrastructure!!

Activism brings results and we’re not done <U+0001F30D><U+2764><U+FE0F> https://t.co/nXTDXMiylm"
2021-01-25 13:49:39,"theGCF",49684,33,"At #AdaptationSummit, UNSG @antonioguterres calls for greater share of climate funding for #adaptation. Read how GCF balances its $7B portfolio equally between adaptation and mitigation, with most of our adaptation finance going to LDCs, SIDS, &amp; Africa <U+27A1><U+FE0F> https://t.co/6NShsHFvRI https://t.co/RGWPMJ1mbO"
2020-09-08 10:30:40,"OrstedUK",14921,4,"Fantastic opportunity for the UK to become a world leader in #Renewable #Hydrogen thanks to the #offshorewind success story so far! Don't forget we have a special webinar tomorrow showcasing our Gigastack project - places are limited sign up here https://t.co/goIwjxzgDb https://t.co/od5pixpAnm"
2020-10-01 14:59:56,"theCCCuk",48148,24,"To reach #NetZero in the UK, it will take the Government and public bodies like the NHS to help lead the way. In what is an extremely difficult time, it is commendable that the NHS has set out its path to be a resilient Net Zero organisation. https://t.co/5tXc2j9v64 https://t.co/HZM03NujC3"
2020-12-17 11:29:50,"theCCCuk",48148,0,"This represents Wales’ fair and credible contribution to the UK’s Net Zero goal. Our recommended targets for Wales would achieve nearly two-thirds of the required emissions reduction from 2020 to 2050 in the next 15 years. (3/12) https://t.co/M4R6XHQdRE"
2021-01-22 02:54:25,"Mirrecogroup",226,2,"Reducing #co2 #emissions is one of the Grand Challenges of the 21st century.

We're grateful to @createimpact21 
for acknowledging our position at the forefront of developmental technologies in this space.

#sustainability #environment #hemp #energy #technology #climate #future https://t.co/ucVwv6d8VU"
2020-01-07 22:12:49,"xiyebastida",17397,34,"Why does it seem like women are leading the climate movement? 

Women who have taken it as a path to act, are— and men, well, they are mostly judging women’s work, knowledge, and experience

We can’t loose time fighting over facts. Instead we must act, educate, and mitigate https://t.co/dbK3kjdhV3"
2020-11-19 17:45:37,"CarbonEngineer",6339,2,"Watch Carbon Engineering’s VP Business Development, Lori Guetre, at @CERAWeek as she discusses the key role #DirectAirCapture can play in helping the world achieve true net zero. https://t.co/Baz0AHYGGq"
2021-02-26 14:02:15,"CmccClimate",3977,1,"Climate impacts can affect companies  through their supply chains, which might be interrupted by extreme events damaging suppliers and cause cascade effects, even when they are settled in different countries and contexts of the world.
#CMCCForesight 
https://t.co/TjEDpUE3ej https://t.co/T30veiYgYD"
2021-02-12 14:54:22,"Green_Europe",32632,8,"<U+0001F6A8><U+0001F632>BREAKING: Fossil gas projects have just been included in guidelines for the EU's recovery plans.

Gas is not a ‘bridge fuel’, @EU_Commission. It’s a stranded asset and a climate disaster.

<U+0001F449>https://t.co/FY4TcI6bqE #ClimateAction"
2017-02-23 05:51:54,"voice4theplanet",228,0,"@ayanaeliza #TEDtalk on #OceanZoning is def worth a listen. It's painful fact. #TheOceanDontNeedUs #WeNeedTheOcean https://t.co/3JWSZyQDId"
2021-02-15 13:33:33,"JoyceMsuya",21141,3,"Kikao cha #UNEA5 kitakachojiri kuanzia Februari 22 hadi 23, 2021, kitaimarisha juhudi za kushughulikia mazingira kweye muktadha wa maendeleo endelevu, na kutoa kipaumbele kwa utekelezaji wake kikamilifu. #TutunzeMazingira #SDGs https://t.co/ZdSlvE4n98 https://t.co/9dciQnHQlA"
2020-10-21 10:30:00,"UNEP_Europe",23082,1,"As we build back greener from #COVID-19, governments have a unique opportunity to support #nature from farm to fork. #EUGreenWeek https://t.co/EGh15KKFMz"
2020-12-11 11:16:01,"UNEP_Europe",23082,4,"Congratulations to the #EU<U+0001F1EA><U+0001F1FA> for this important step on the eve of the #ParisAgreement's fifth anniversary!

Leadership from the bloc on #climatechange is essential if we are to reach the 2°C target<U+0001F4AA><U+0001F30D>. https://t.co/FWNxIwFJP6"
2020-12-11 15:31:11,"WILDfoundation",10616,0,"Thank you to everyone who supports WILD and conservation. Protecting the planet doesn't happen without people like you!<U+0001F30E><U+0001F3D4><U+0001F43A><U+0001F41D><U+0001F427><U+0001F333><U+0001F332><U+0001F33A><U+0001F335><U+0001F43F><U+0001F994><U+0001F9A1><U+0001F407>
#GoodNewsFriday #conservationwin https://t.co/wj0VDZrRxM"
2021-01-18 02:56:24,"AlexandriaV2005",56334,0,"@sopranotiara @American_Girl Yes! <U+2764><U+2764><U+2764>"
2020-12-07 12:15:12,"IPCC_CH",234385,12,"#IPCC Chair Hoesung Lee will make a statement along with UNSG @antonioguterres &amp; other world leaders for the Climate Ambition Summit 2020 this coming Saturday 12 December.

#ClimateChange #ClimateAction https://t.co/w6Ii80J7a6"
2021-02-27 15:19:10,"ScarlettOWest",5074,0,"@_evebennett that’s a really valid worry, but all forms of media are valuable! i’m sure the articles you have written are incredible, and i know the saying is overused but it’s definitely quality over quantity. it’s really good that you’re getting experience in different media types"
2020-12-16 23:07:13,"ChiefExecCCC",19501,0,"@JMckenzie150 Genuinely see the attraction of that."
2020-12-21 11:00:57,"c40cities",106474,6,"Stockholm’s climate action plan lays out ambitious emission reduction targets, with the goal of becoming carbon neutral by 2040 <U+0001F64C> #TheFutureWeWant

@SthlmMayor https://t.co/1LJEuygHeY"
2021-02-11 00:06:01,"ExtinctionR",358387,5,"@Petronas <U+0001F914> https://t.co/6C0dq8m2O4"
2020-12-11 09:13:06,"GermanEnvAgency",1470,1,"Save the date: As part of the German #EU Council Presidency, @bmu &amp; UBA will host a virtual #conference on #corporate non-financial reporting on December 18. 
https://t.co/ieaEQ9Bh11 #finance #business #environment @EU2020DE https://t.co/7wDmQnqVf6"
2021-02-26 16:11:00,"ClimatePower",232006,12,"NEW ANALYSIS finds ""impressive overlap” between fossil fuel hubs and counties with high renewable energy potential.

Building a clean energy economy means creating millions of good-paying, union jobs—especially in counties suffering from Big Oil’s decline.
https://t.co/dcZlUwWn6w"
2019-12-06 16:37:53,"exxonmobil",326103,11,"Red, blue, pink – the color of grease doesn’t change its performance. Dyes are added simply to help distinguish one product from another. Learn more surprising facts here. https://t.co/Qc6gRxkXzl https://t.co/oL73OS6gdV"
2020-07-16 18:39:31,"PEspinosaC",108140,47,"I applaud @algore Al Gore's leadership in launching @ClimateTRACE, a tool using ‘frontier technologies’ to track GHG emissions in real-time. Such systems are key to improving our understanding of emissions and the carbon cycle, crucial for a transition to #CarbonNeutrality."
2020-12-22 11:00:14,"c40cities",106474,4,"Rotterdam’s climate action plan commits to a more sustainable future for the city’s port industry <U+0001F6A2> #TheFutureWeWant

@rotterdam https://t.co/dyubsrivKD"
2020-10-23 08:11:00,"UNEP_Europe",23082,0,"How can #nature help us to build resilience against disasters and #climatechange? Whether you are a policymaker, business, engineer, or simply curious, join this free course available in 7 languages! https://t.co/6ThDi9JxAQ"
2020-11-28 14:21:00,"ClimateDesk",159824,0,"Spent rockets are dangerous space trash, but they could be the future of living and working in orbit. https://t.co/o7bhLxrVIN"
2021-03-01 20:46:23,"ClimateBen",56386,0,"@DavidLWindt This quote was brought to you by (of course) Hausfather."
2021-02-24 16:02:50,"CmccClimate",3977,0,"In Europe, around 30% of the 880 billion USD COVID recovery plan is being tied to climate measures. 
Energy Market and Strategies: a New Paradigm on #CMCCForesight
https://t.co/IKWmUMIkIg https://t.co/C6cAdbvBVD"
2020-10-22 20:37:12,"algore",3057070,27,"I am now live, sharing a meal with @carlahall and Jayna Green, the winner of the 2020 @4h Youth In Action Pillar Award for Agriculture. We are going to discuss why food justice matters at this important time. Tune in here: https://t.co/579sW5yybP https://t.co/zJeBi2bKdr"
2020-07-09 06:00:00,"Shell",553814,15,"<U+0001F916> How clever will #AI become?

<U+0001F3A7> Tech experts from Shell, @Microsoft, @kespry and @imperialcollege join the conversation in the latest episode of The Energy Podcast. Listen now: https://t.co/nWKJYFq4IN #podcast"
2021-02-12 11:00:54,"ExtinctionR",358387,11,"We believe in meeting people where they are, so they can do what they can with whatever they have. 

If you can't donate time or expertise, please consider taking action by donating to support our movement: https://t.co/xRolrRv9Il https://t.co/sQffgbBHGt"
2021-02-24 13:00:57,"WRIClimate",56751,3,"TODAY: Join @WorldResources and @WorldWarZeroOrg at 11AM ET. for a dynamic event discussing what a green and equitable recovery in the U.S. should look like with climate and energy experts. https://t.co/Z3RvLcNDfX #GreenRecovery #BuildBackBetter"
2020-12-02 08:59:52,"JoyceMsuya",21141,8,"This #AdaptationWeek, @UNEP &amp; partners are sharing information on climate adaptation &amp; highlighting the importance of ensuring a #ResilientRecovery.

Supported by @theGEF, this project in El Salvador shows how working with nature can help protect people. https://t.co/Ntah9nh0qK"
2021-02-19 17:05:07,"YaleClimateComm",68310,0,"While six in ten Americans say they “rarely” or “never” discuss global warming with family and friends, a large majority support schools teaching children about it: https://t.co/zob3oCG51P https://t.co/jIBUAzAmI7"
2017-03-01 16:32:37,"voice4theplanet",228,9,"We need your vote. We need #ClimateNews in #Public #Media. Cast ur vote by typing ur name, email and postal code on the link below. Ta! https://t.co/VN3lZhuohs"
2021-02-18 18:07:02,"Treehugger",354191,2,"There is, in fact, a right way to shovel https://t.co/qiDMTJIOWU https://t.co/VHXhXPbZdZ"
2020-02-05 14:39:38,"EmpowerNEnergy",141,0,"EmNEW is proud to be a partner in the unique Rucanzogera hydro project in Rwanda which has been featured in the latest issue of Africa Power &amp; Energy Elites and nominated to the 2020 African Power, Energy and Water Industry Awards<U+0001F4A7>Read the article here: https://t.co/jbYFxrKTw4"
2021-01-13 11:49:53,"UNFCCC",786735,182,"One focus of @UNEP's #AdaptationGap report presented tomorrow will be on #NatureBasedSolutions to climate change. Here is one of them (via @CASsummit2021) https://t.co/7xyzkrkxHk"
2020-02-06 19:27:11,"CBI_CC",13310,4,"Excellent opportunity today to share the views from @CBItweets members about the #EnvironmentBill and thank you to @DefraGovUK for hosting. Businesses clearly backs the ambitions of the bill and its vision for a cleaner future. https://t.co/AkqgxtXg40"
2021-02-17 16:12:27,"ScarlettOWest",5074,36,"‘As neoliberalism continues to attempt to force us into hopelessness,there's no greater act of resistance than hoping.’

Me for @i_D on how we fight back against the capitalist systems driving the extent of the coronavirus pandemic &amp; the climate crisis :

https://t.co/KwpG5VlDRw"
2021-02-12 14:10:05,"Climeworks",8337,9,"Meet the team behind #Orca. 
There are many people in our Zürich and Cologne offices who have been working hard over the past year to bring Orca to life. Here are some of the team members who are currently in Iceland for the construction process. Thank you for your hard work! https://t.co/iHyHWChRUj"
2021-02-11 09:34:37,"OrstedUK",14921,2,"Across the east and west coast, where our apprenticeships are based out of, #didyouknow there’s now a whopping £150,000 up for grabs in funding for STEM projects!? <U+0001F632> Find out how to apply here: https://t.co/ytFmyyTc0f <U+0001F929><U+0001F6E0><U+FE0F> #NAW2021"
2021-02-26 14:23:14,"CANIntl",32551,6,"""Brazil's updated NDC is a trainwreck of reduced ambition. 
It violates the #ParisAgreement by giving the country a free pass to emit 200 to 400 million tons of CO2 more than the 
2015 pledge."" -@MarcioAstrini Executive Secretary @obsclima #ClimateAction #WorldWeWant<U+0001F30E> https://t.co/06JQ3L7UAr"
2021-01-26 10:29:23,"IPCC_CH",234385,27,"Experts are invited to register for the review of the Second-Order Draft of WGIII’s contribution to #AR6. The review runs from 18 Jan to 14 Mar 2021.

Interested? Register here <U+27A1><U+FE0F>  https://t.co/cEtS7yNseX 

More about the role of expert reviewers <U+27A1><U+FE0F>  https://t.co/et0GYcTwpd https://t.co/EZ0Ii920I9"
2021-03-01 17:48:55,"KateAronoff",77756,10,"I just watched the CEO of United Airlines tell an enthused, renowned energy expert about what an exciting climate achievement it will be to have hydrogen planes flying from midtown to JFK"
2020-10-30 15:08:43,"Climeworks",8337,0,"@tim_neville from @outsidemagazine ""watched the birth of a carbon offset"" by traveling all the way to Montana. Along the way, he also learnt about #Climeworks and how individual travelers can have their emissions permanently removed using our solution.
https://t.co/61wMK09f3e"
2021-02-26 12:30:30,"Fridays4future",99246,78,"Biodiversity is dying in Amazon Fires, indigenous being murdered. #EUMercosur deal would increase death of millions of endangered species. Bolsonaro called NGOs and indigenous in public “a cancer he couldn't kill yet“ @vonderleyen Stop this crime and  #SayNoEUMercosur ! https://t.co/KV2QiwDFkW"
2020-07-17 15:27:33,"PEspinosaC",108140,35,"Amazing news! I welcome this partnership by The Climate Pledge and @WMBtweets to mobilize #ClimateAction among the private sector and support our #racetozero campaign, together with @topnigel and @gmunozabogabir Thank you!!! @amazon @CFigueres @JeffBezos 

https://t.co/mjhW9MMbTA"
2020-12-23 19:47:23,"CarbonEngineer",6339,3,"In case you missed it: United Airlines pledged to reduce its carbon emissions by 100% by 2050 and announced a multi-million dollar investment in 1PointFive, Inc., Carbon Engineering’s US development partner. Read more from the @chicagotribune https://t.co/FP9z3nXuvu"
2020-10-21 10:47:54,"Mirrecogroup",226,3,"Our 1st ever #hemp CAST® Product with international approval.

Sitting about 25% up on #hempcrete &amp; just behind the worlds best (synthetic) counterparts who’ve spent $millions on heavy factories.

Thermally efficient, non-combustible, embodies carbon, #solar powered

#future <U+0001F30D> https://t.co/eCgBZC8PHj"
2020-09-10 08:17:56,"NetZeroUK",10592,0,"On the live stream now @AlokSharma_RDG responds to #ClimateAssemblyUK's report on behalf of the Government and @COP26. <U+0001F64C> https://t.co/n1f0BvXYfu"
2021-02-26 20:22:23,"sunrisemvmt",278145,521,".@JoeBiden can't let $15 minimum wage be left out of the stimulus package

""It's unacceptable, for us to continue to come up with excuses on why we can't do the right thing on behalf of the American people...This is the time for Democrats to fight for working Americans"" -@IlhanMN https://t.co/QfK1ljAa9T"
2021-02-23 20:24:00,"CarbonBrief",93902,6,"Guest post: The threat of high-probability ocean ‘tipping points’ | @climatecom2016 @COMFORTH2020

https://t.co/ElwzYQf2Io"
2019-09-20 13:26:45,"algore",3057070,364,"Policymakers must respond to the call to action from the students leading today’s #ClimateStrike. The power to create change lies within each of us. We can and must join together to win this. #FridaysforFuture"
2020-09-10 17:35:38,"exxonmobil",326103,11,"We teamed up with @alexa99 to develop “Alexa, pay for gas” – a contactless, secure way to pay for gas, now available at over 11,500 Exxon and Mobil stations across the U.S. https://t.co/eLJ1JdHyhb"
2021-02-18 22:27:02,"FirstSolar",30923,0,"Nicholas Riedel-Lynksaer from the Technical University of Denmark reviewed a compelling study of bifacial and monofacial performance using eight different simulation softwares. Watch now to see how PlantPredict measured up. 
https://t.co/PkWnIjsO3v https://t.co/GBHdEo9PHM"
2020-11-24 15:11:00,"Planetary_Sec",115383,63,"<U+0001F1FA><U+0001F1F8> 

The appointment of @JohnKerry to sit on the National Security Council as a climate envoy is an important recognition of #planetarysecurity threats and the need to integrate #climatechange and security policy at the highest levels of government. 

<U+27A1><U+FE0F> https://t.co/C6pzvQ77SG https://t.co/W002xlock0"
2021-02-23 04:49:24,"KateAronoff",77756,20,"There's a lot going on here https://t.co/oQvn7SXR8c"
2020-07-30 10:14:34,"Shell",553814,36,"We have delivered a resilient cash flow in a remarkably challenging environment. 

<U+0001F4C8> See the #ShellResults for the second quarter of 2020 at a glance: https://t.co/VIsY75q0em https://t.co/2zrE6hoyOc"
2021-02-25 05:03:32,"guardianeco",496498,33,"'Unique' petrified tree up to 20m years old found intact in Lesbos https://t.co/iFC54eInOL"
2021-02-25 02:55:01,"nytclimate",101711,36,"President Biden has said he wants to move quickly to electrify the entire federal fleet. But the new contract for postal trucks is going almost completely to internal-combustion engines said the postmaster, Trump appointee Louis DeJoy.
https://t.co/JYeXA9wUyQ"
2021-03-01 18:49:26,"WILDfoundation",10616,0,"Philippine's Blue-Bellied Frog that was thought to be extinct has been found alive. Little is known of this species and is considered one of the rarest, if not THE rarest, frog in the Philippines.

https://t.co/HmIsgbQoca"
2020-11-18 14:09:47,"EmpowerNEnergy",141,3,"""The @EU_Commission has allocated a fresh €82 million for #renewables projects in #Africa as it signed off €990 million worth of initiatives to round out its latest European Fund for Sustainable Development (EFSD)."" @pvmagazine 
https://t.co/dn6rT4drSQ"
2021-02-21 08:24:06,"GretaThunberg",4958570,399,"""Ett träd som fälls och blir biobränsle har vuxit i flera decennier, och det tar lika lång tid att få ett lika stort träd igen.
Och det är tid vi inte har."" - @steffesundstrom  https://t.co/pdj2VI2Df2"
2021-02-15 15:30:36,"IEA",197182,83,"In 2025, renewables are set to become the <U+0001F30D>’s largest source of electricity generation, ending coal’s 5<U+FE0F><U+20E3> decades at the top of the power mix

By then, renewables should supply a third of global electricity <U+26A1><U+FE0F>

Read more <U+2192> https://t.co/UYGUmAHpO3 https://t.co/1AsulZmXpi"
2020-11-17 12:26:00,"UNEP_Europe",23082,3,"We're in the #RacetoZero! Building materials matter for mitigation strategies. Learn why at a virtual dialogue on 18 Nov at 11:20CET. @UNEPIRP will launch its #ResourceEfficiency4Climate report &amp; discuss solutions to cut building emissions! Register<U+0001F449>https://t.co/VlRR9IGKC3 https://t.co/4EPNjATqC5"
2021-02-16 21:41:08,"KateAronoff",77756,8,"I love and need the wonky details about this stuff, but the job of translating that into a direct challenge to ""wind turbines froze and people are dying"" takes a different type of work. That's not on the academics who study this stuff of course, but needs to happen"
2021-02-26 14:11:02,"CarbonBrief",93902,2,"Guest post: How global warming is making power plants produce less electricity | @ecoffel @jsmankin

Read here: https://t.co/O0X5CC8gyj https://t.co/CIL3v1JYdK"
2020-12-09 21:53:32,"ChiefExecCCC",19501,0,"@jbuckland13 Cheers Josh"
2020-12-05 15:30:00,"earthwatch_org",14275,0,"“But these small leaf insects were so precious, like jewels in our laboratory.” Via @nytimes
https://t.co/iFIxW6VHV9"
2021-02-26 13:02:46,"ClimateReality",548045,14,"As communities take action to transition to clean energy, fossil fuel companies are flexing their political muscle to stay in control. But it’s not going to work. https://t.co/rmTZ2IBTrw"
2021-02-25 12:40:01,"Treehugger",354191,3,"6 legs, 2 tails, 1 beautiful puppy named 'Skipper' https://t.co/nnQfx2g5sV #puppies #dogsarefamily https://t.co/BHp6QyhJ0x"
2020-01-13 19:15:24,"CarbonEngineer",6339,21,"A beautiful morning at our #DirectAirCapture pilot facility in #Squamish, BC. Here we have demonstrated our technology's ability to capture CO2–the primary greenhouse gas responsible for #climatechange–directly out of the air around us. Learn more here: https://t.co/Nl21eCfAYA https://t.co/pjGV6FJAIr"
2021-01-15 16:30:28,"YaleClimateComm",68310,13,"Two fire stations built in Salt Lake City in 2018 are equipped with 300 solar panels each and heated and cooled by geothermal energy. https://t.co/Rk2rC1GwvQ https://t.co/tL5Uht2GSw"
2021-02-12 17:30:00,"ClimateCentral",127361,7,"Please join Climate Central on 2/19 at 1pm ET and hear expert panelists unpack the science of misinformation and discuss strategies that help audiences evaluate messages about climate. https://t.co/ARFCfgUe7F  #climatematters"
2020-12-07 21:13:54,"Canadian_Solar",22445,4,"Our Corp VP, Thomas Koerner, recently spoke at Reuters Energy Transition North America. It was a fascinating discussion on how solar and carbon-free energy sources can collaborate to fight climate change. https://t.co/cvunmUkXUU. 
 #MaketheDifference #ETNA2020 #EnergyTransition https://t.co/ODWLYrH9F0"
2021-01-28 07:26:01,"theGCF",49684,18,"<U+0001F4E2> GCF’s Country Programme Guidance is out: https://t.co/IB9vIg0Gj2

Designed for National Designated Authorities, this helps countries develop a GCF Country Programme, ensuring that projects are high quality &amp; most impactful to their adaptation &amp; mitigation needs. #ClimateAction https://t.co/f2nhgMgN87"
2020-06-29 15:12:53,"GermanEnvAgency",1470,2,"You can watch interviews with UBA experts in our online #exhibition - or here: #Interview on greenhouse gas neutrality &amp; #resource #efficiency with Harry Lehmann: https://t.co/ENz4EKm4Ca And Jens Schuberth on #decarbonisation of the #building sector: https://t.co/8LUsGsgjIz"
2021-02-27 11:45:00,"insideclimate",132424,20,"The Gulf Stream system moves 100 times more water than the Amazon River and helps shape weather on both sides of the Atlantic Ocean. Climate change is weakening that system, new research says, and the consequences could be significant.

https://t.co/nwOs8IsftV"
2021-02-17 12:00:00,"Fridays4future",99246,15,"@StanChart @wto Global heating of 1.2°C is already killing the people most affected by the #climatecrisis. One of the biggest financiers of fossil fuels worldwide, @StanChart, is investing in new projects in exactly those places like the Philippines &amp; Indonesia. It's time to #RaiseYourStandards!"
2020-11-11 15:49:28,"ClimateCentral",127361,13,"As the U.S. climate has warmed over the past 50 years, winter is the season when most Americans have seen the biggest temperature shifts. https://t.co/4uORfoBEgq #climatematters https://t.co/4JnWuSoCZ1"
2021-01-05 10:06:01,"EmpowerNEnergy",141,0,"""As the world began to embrace clean energy, research from various environmentalists revealed that more job opportunities based on green technology emerged for approximately 1.8 billion people, 90% of whom live in developing countries"". @ChinaDailyUSA https://t.co/iCWBwHX4hA"
2021-02-13 04:49:31,"ExtinctionR",358387,41,"As temperature increases, people and nature suffer and die. #ActNow https://t.co/gESBicPERP"
2021-02-16 22:29:03,"KateAronoff",77756,6,"Oh and just to note, any version of ""lol well you deserve it Texas"" is maybe the worst possible response here"
2020-06-05 13:38:52,"CBI_CC",13310,3,"Speaking of, we can’t forget the fantastic work carried out by @netzeroUK, the UK’s first Citizens Assembly on Climate Change. Even through COVID-19, the Assemblies still went ahead online with some fantastic discussions taking place on #netzero https://t.co/gcwBCxey7H"
2020-08-05 03:26:24,"Mirrecogroup",226,1,"The Proceedings of the 2nd Australian Industrial Hemp Conference 2020 by @AgriFuturesAU are out...

https://t.co/pXfDTxz3PC

#hemp #renewable #sustainability 
#climatechange #innovation #energy #embodiedcarbon #technology #blockchain #hemptech #decarbonise #hempprocessing #green https://t.co/3sTt68ocqS"
2020-12-04 08:25:31,"OsmundsenTerje",24778,5,"Stolte over Empower's første investering i Nigeria, et av landets største private solkraftverk. Norsk kapital og kompetanse gir fart på det grønne skiftet i Afrika
 @solklyngen @EmpowerNEnergy @pksbertoli @AfrikaEivind @abjartnes @mariusholm @dagiulstein @tveitdal https://t.co/OuEhwnhQox"
2021-02-24 01:35:02,"ErikSolheim",145787,61,"Look at these eyes!  <U+0001F970> 
A Leopard from Jhalana Leopard Safari Jaipur, India <U+0001F1EE><U+0001F1F3><U+3002>

Thanks @MonaPatelT ! https://t.co/RKDMDYtYeR"
2021-02-23 16:49:50,"sunrisemvmt",278145,83,"Your regular reminder that the residents of DC have no representation in Congress. It's past time to make DC a state. 

No taxation without representation, after all. #DCStatehood https://t.co/upwAJ42Ri5"
2019-12-27 22:07:58,"xiyebastida",17397,0,"@WarrensCorner @GretaThunberg @olivepit_ @polyglotale @marco6v @goldsgracie @sabirahmahmud @robbyquesada @realjysgl @darius_korin @F4F_NYC @Fridays4future Yes, agree. But today is the last Friday of December, therefore the last FFF strike of the decade"
2021-01-14 13:03:39,"IPCC_CH",234385,39,".@UNEP released their 2020 #AdaptationGap Report today

#Adaptation is a key pillar of the #ParisAgreement &amp; helps countries reduce the risks &amp; vulnerabilities to #climatechange. 

Learn more <U+2B07><U+FE0F> https://t.co/I7qFBt6X8Q"
2020-12-06 20:00:00,"earthwatch_org",14275,0,"Check out National Geographic’s best animal photos of 2020!
https://t.co/sszzJnVEy6"
2021-02-17 21:57:12,"ScarlettOWest",5074,0,"@drcablepersonal https://t.co/AXBUamnaXA"
2021-02-20 12:18:02,"nytclimate",101711,5,"Boiling down the big freeze: 
https://t.co/DqxSBsQHH6"
2020-09-04 14:32:43,"exxonmobil",326103,34,"We teamed up with Amazon @alexa99 to develop “Alexa, pay for gas” – a contactless, secure way to pay for gas, now available at over 11,500 Exxon and Mobil stations across the U.S. https://t.co/WJgsJmEfrh"
2021-01-29 06:45:00,"theGCF",49684,15,"GCF is already heeding calls from the Climate #AdaptationSummit to balance #ClimateFinance support for developing countries between #Adaptation &amp; #Mitigation.

Learn more <U+2B07><U+FE0F> #ClimateAction
https://t.co/hm4gcRKTbm"
2019-11-06 17:51:57,"algore",3057070,126,"Join us this Nov 20-21 for a special 24 Hours of Reality as @ClimateReality Leaders present the timely message of the climate crisis and its solutions to their communities. Learn how you can get involved at https://t.co/YBZFAng6rq #TruthIntoAction https://t.co/cy723q2DH7"
2021-02-19 18:48:20,"AlexandriaV2005",56334,281,"I know Disha Ravi and she is an amazing activist and awesome human! The right to peaceful protest is a human right and we will not be silenced.
Please join me in supporting Disha #StandWithDishaRavi"
2021-01-08 15:24:44,"UNFCCC",786735,213,"2020 tied with 2016 as the warmest year on record, despite a reduction of around 7% of fossil fuel-related CO2 emissions due to COVID19. 

We urgently need to build a global coalition for #netzero greenhouse gas emissions.

@CopernicusECMWF press release: https://t.co/EF0KFM6Tcc https://t.co/5U3UFTj6kq"
2021-01-14 02:31:50,"Planetary_Sec",115383,56,"#Sealevelrise #cities #adaptation #climatechange #innovation #sustainableLiving #future #tech https://t.co/bSZuCxjvqG"
2020-12-22 18:01:02,"c40cities",106474,1,"Washington, D.C.’s climate action plan promises to cut utility bills for the city’s most vulnerable residents in half through its renewable energy programme <U+267B><U+FE0F> #TheFutureWeWant 

@MayorBowser @washingtondc https://t.co/H0ACAKSLkb"
2021-02-23 08:24:00,"CarbonBrief",93902,0,"In-depth: How does Shell’s new ‘pathway’ limit global warming to 1.5C? | @Josh_Gabbatiss w/ comment from @JoeriRogelj and @wim_carton

Read <U+27A1><U+FE0F> https://t.co/hjBxUalKcz https://t.co/aaDvZBjJ58"
2021-01-26 15:14:52,"Climeworks",8337,19,"#Orca update! We're excited to share some real-life images of our new collector design! The first 4 collectors that are a part of our new #DirectAirCapture and storage plant have been mounted! The last 4 will be assembled over the next coming weeks - stay tuned! #RemoveCO2 https://t.co/ceLgR7Swi6"
2020-11-10 16:36:12,"theGCF",49684,9,"GCF Board #GCFB27 approved #mitigation project FP150 with @IDCOLBangladesh to shift the textile industry in #Bangladesh <U+0001F1E7><U+0001F1E9> to a low-emission pathway through capacity building, policy development and supporting energy-efficient equipment. 
<U+2705> Learn more: https://t.co/yLIOidCDfE https://t.co/rh4YC8j62s"
2020-12-09 19:58:02,"exxonmobil",326103,14,"What is energy poverty? See how we’re working to bring safe, reliable energy to more people across the globe: https://t.co/4wDWaXy9JN https://t.co/10XhIumZBl"
2021-03-01 17:17:12,"ClimateBen",56386,1,"@DavidLWindt Stop worrying, David, 'our best estimate is that limiting warming to 2C wouldn't impose great hardship on most of humanity'..."
2021-02-11 16:34:12,"AldersgateGrp",5486,2,"Its vital that we grow our #renewable and low carbon heat supply chains, to achieve this goal government must continue to support the Green Homes Grant and avoid budget cuts. 
https://t.co/ljnXfjb8TA https://t.co/SCY3DyyjvS"
2021-01-25 14:12:31,"EmpowerNEnergy",141,0,"History made: ""Europeans got more of their electricity from renewable sources than fossil fuels for the first time last year"", according to an annual report from @EmberClimate  and @AgoraEW  Click here to read more here: https://t.co/9RcULJ4fX9"
2021-02-19 08:45:05,"AldersgateGrp",5486,2,"Join us and experts from @burohappold @EnvAgency @suez @SMMT @WillmottDixon @Nestle on Tuesday 2 March as we launch “Fostering Prosperity” a report exploring how good regulation can drive #innovation and help us achieve #netzero ambitions. RSVP here: https://t.co/5qO4TzHkaG https://t.co/Ih6kKFAXgC"
2020-12-02 16:54:40,"WILDfoundation",10616,0,"We are thankful for our all-star program directors. They are forces for, and of nature. We hope that these stories will inspire you to take action for biodiversity! 
#Surivivalrevolution #CarbonNeutralNaturePositive
https://t.co/PFoyqNym8z"
2021-02-21 06:02:32,"guardianeco",496498,49,"Texas freeze shows a chilling truth – how the rich use climate change to divide us | Robert Reich https://t.co/YDjp2LCQNx"
2021-01-24 14:00:34,"UNFCCC",786735,61,"Want to learn about climate-friendly diets?<U+0001F349>
<U+0001F449> self-paced course, 2hours

An introduction to the green economy?<U+0001F4B9>
<U+0001F449> self-paced course, 2hours

Financing climate action?<U+0001F4B3>
<U+0001F449> tutorial, 45min

On #EducationDay, take a look at these &amp; other climate courses https://t.co/OjkxGCDMtO https://t.co/iC8eLnJc9M"
2020-10-10 18:50:32,"xiyebastida",17397,4,"It was a pleasure to co-host @TEDCountdown with you Jane! You can all still go check it out on YouTube! Just search Countdown Global Launch"
2020-01-11 07:20:53,"Mirrecogroup",226,0,"3D printed #hemp houses could be the future of cheap, affordable housing via @IntEngineering 

#sustainability #climatechange #innovation #technology #blockchain #housing #3dprinting #carbonarchitecture #carbonneutral #future #lowercarbonfutures 

https://t.co/IdzNN1aQWB"
2021-02-19 20:43:04,"ClimateAdapt",10662,0,"Dennis Mileti, a world-renowned expert on disaster communication and former director of the Natural Hazards Center, has died. 

Mileti succumbed to complications from COVID19 on Jan. 21, 2021. He was 75.

https://t.co/2Ym7B80hg2"
2021-01-29 16:00:00,"WILDfoundation",10616,0,"The recent commitment from the US to protect 30% is the first ever by the government to recognize a target confirmed by both modern and traditional science. This isn't business as usual- join the #survivalrevolution

https://t.co/hZexD7ukOq"
2020-10-28 07:48:46,"Shell",553814,0,"@SittingDuck00 Hi Marcus. All points of view are welcome. We'll put your question forward to the panel. Join the #EnergyDebate on Monday for more."
2019-12-19 08:59:19,"Mirrecogroup",226,2,"Very good article covering the history of #hemp &amp; the likely disruption of multiple industries...

#sustainability #innovation #technology #scienceandtechnology #greentech #future #futurism 

@ZMEScience 

https://t.co/oenJpcXdMp"
2020-12-02 15:30:01,"earthwatch_org",14275,0,"A new project is using drones and artificial intelligence to track great white sharks swimming off the shore of Southern California beaches. Researchers hope that this will allow them to better monitor beaches while learning more about shark migrations.
https://t.co/IkQ5c5v56f"
2020-11-22 17:44:59,"OsmundsenTerje",24778,4,"Battery life: the race to find a storage solution for a green energy future  https://t.co/qweOPx64W1 Litium-Ion  heading the race, but billions are invested in alternatives:Vanadium flow batteries, Liquid air, Gravity storage, Molten salts, a.o. Insightful from @FinancialTimes"
2021-02-20 14:06:02,"Treehugger",354191,8,"You've got avocado pit questions. We've got avocado pit answers. https://t.co/7SwR79YL2y https://t.co/Xhb0wX4LPE"
2021-02-14 18:35:24,"ExtinctionR",358387,0,"@nursecaro13 @GregCipes I don't think so at all. ;) <U+0001F49A>"
2020-11-17 14:07:19,"FirstSolar",30923,0,"Now, 150 @NSGPilkingtonNA employees in Luckey join &gt;1,500 First Solar associates in #Ohio to make the most of the day, helping produce solar modules that deliver the #LowestCarbonSolar available today. #AmericasSolarCompany"
2020-03-26 19:19:17,"xiyebastida",17397,0,"@_WeThePlanet_ @Amansha24 @DaisyJeffrey2 @sofia_realhs @256Solomon @TheresaRoseSeb1 @AyishaSiddiqa12 @olivepit_ @Ilana_Tzipporah @SBenfeld So exciting!! Dm to join us!"
2020-06-11 16:24:29,"Shell",553814,0,"@TWChesus Thanks for the amazing compliment, Tyler!"
2020-10-21 07:06:53,"OsmundsenTerje",24778,2,"Global consortium of grid-companies to push for $10 trillion of clean energy investments in next 10 years  https://t.co/q5W4qUKg35 
This is highly significant, as the system operators 
normally have been among the more hesitant"
2021-01-28 14:24:30,"CANIntl",32551,0,"We call on countries to honour their commitment to the #ParisAgreement &amp; to ensure that updated NDCs are a product of collaborative processes, raise ambition significantly &amp; are in line with principles of equity &amp; fairshares to keep warming below #1o5C
https://t.co/HWC6KYGs6X"
2020-10-22 15:01:00,"OrstedUK",14921,2,"Have you set you time for the virtual #GY10k yet? Our team have been out setting their times - including @emmatoulson1983 &amp; @Lauren_Little <U+0001F64C>Who needs the Tower of Pisa when you have Grimsby Dock Tower?<U+0001F606>If you're taking part, be sure to tag us in your selfies! @OrstedUK https://t.co/6YiTCPCDNj"
2020-08-09 08:21:09,"Planetary_Sec",115383,48,"<U+0001F30F> 

New study argues that ‘the high-end projection for greenhouse gas concentrations is still the most realistic for planning purposes through at least 2050’. 

In: InsideClimate News 
<U+27A1><U+FE0F> https://t.co/peH8A0DEmU

#climatechange #climatechaos2020 https://t.co/uk3gAQSmJF"
2021-02-22 07:17:38,"EUEnvironment",88010,35,"<U+0001F4E2> <U+0001F5D3><U+FE0F>Join us tomorrow afternoon for our latest #EEAAskanExpert <U+0001F399><U+FE0F>discussion on #plastics #singleuseplastics. How can we tackle the plastics problem? Biodegrable plastics? #Recycle more? Join our LIVE Q&amp;A chat where our experts will address your questions<U+23E9>https://t.co/ase7NB0Vh5 https://t.co/GdJNqxLaof"
2021-01-12 08:56:13,"IPCC_CH",234385,65,"#IPCC’s reports are comprehensive &amp; balanced assessments of the state of knowledge on topics related to #climatechange.

All reports go through a rigorous process to ensure the highest quality.

Find out how the IPCC prepares its reports <U+27A1><U+FE0F>  https://t.co/qlbiH8ImKV

#AR6 https://t.co/Sy92FAO8m1"
2021-02-25 17:48:25,"sunrisemvmt",278145,2,"https://t.co/BXmbHJgSqX"
2021-02-25 09:12:51,"EUEnvironment",88010,8,"<U+0001F195>Reducing pressures from #agriculture is key to improving the status of Europe’s #rivers #lakes transitional, coastal #waters and #seas as well as #groundwater bodies according to our latest report out today <U+23E9> https://t.co/gJBC2Lduox https://t.co/c8Y9jOhbj6"
2021-02-25 07:26:32,"guardianeco",496498,16,"UK's gas power plans risk derailing climate targets, thinktank says https://t.co/H8aKiYlAUk"
2020-06-23 16:19:50,"CarbonEngineer",6339,4,"Join us today at 2pm ET for a panel discussion on the new @rhodium_group report that explores the significant employment and business opportunities that a widespread #DirectAircapture industry could create. @carbon_180 @BPC_Bipartisan https://t.co/eqVFN0lv3N"
